CODIGO;PROVINCIA;CANTON;DISTRITO;REGION
10101;SAN JOSE;SAN JOSE;CARMEN;CENTRAL
10102;SAN JOSE;SAN JOSE;MERCED;CENTRAL
10103;SAN JOSE;SAN JOSE;HOSPITAL;CENTRAL
10104;SAN JOSE;SAN JOSE;CATEDRAL;CENTRAL
10105;SAN JOSE;SAN JOSE;ZAPOTE;CENTRAL
10106;SAN JOSE;SAN JOSE;SAN FRANCISCO DE DOS RIOS;CENTRAL
10107;SAN JOSE;SAN JOSE;URUCA;CENTRAL
10108;SAN JOSE;SAN JOSE;MATA REDONDA;CENTRAL
10109;SAN JOSE;SAN JOSE;PAVAS;CENTRAL
10110;SAN JOSE;SAN JOSE;HATILLO;CENTRAL
10111;SAN JOSE;SAN JOSE;SAN SEBASTIAN;CENTRAL
10201;SAN JOSE;ESCAZU;ESCAZU;CENTRAL
10202;SAN JOSE;ESCAZU;SAN ANTONIO;CENTRAL
10203;SAN JOSE;ESCAZU;SAN RAFAEL;CENTRAL
10301;SAN JOSE;DESAMPARADOS;DESAMPARADOS;CENTRAL
10302;SAN JOSE;DESAMPARADOS;SAN MIGUEL;CENTRAL
10303;SAN JOSE;DESAMPARADOS;SAN JUAN DE DIOS;CENTRAL
10304;SAN JOSE;DESAMPARADOS;SAN RAFAEL ARRIBA;CENTRAL
10305;SAN JOSE;DESAMPARADOS;SAN ANTONIO;CENTRAL
10306;SAN JOSE;DESAMPARADOS;FRAILES;CENTRAL
10307;SAN JOSE;DESAMPARADOS;PATARRA;CENTRAL
10308;SAN JOSE;DESAMPARADOS;SAN CRISTOBAL;CENTRAL
10309;SAN JOSE;DESAMPARADOS;ROSARIO;CENTRAL
10310;SAN JOSE;DESAMPARADOS;DAMAS;CENTRAL
10311;SAN JOSE;DESAMPARADOS;SAN RAFAEL ABAJO;CENTRAL
10312;SAN JOSE;DESAMPARADOS;GRAVILIAS;CENTRAL
10313;SAN JOSE;DESAMPARADOS;LOS GUIDO;CENTRAL
10401;SAN JOSE;PURISCAL;SANTIAGO;CENTRAL
10402;SAN JOSE;PURISCAL;MERCEDES SUR;CENTRAL
10403;SAN JOSE;PURISCAL;BARBACOAS;CENTRAL
10404;SAN JOSE;PURISCAL;GRIFO ALTO;CENTRAL
10405;SAN JOSE;PURISCAL;SAN RAFAEL;CENTRAL
10406;SAN JOSE;PURISCAL;CANDELARITA;CENTRAL
10407;SAN JOSE;PURISCAL;DESAMPARADITOS;CENTRAL
10408;SAN JOSE;PURISCAL;SAN ANTONIO;CENTRAL
10409;SAN JOSE;PURISCAL;CHIRES;CENTRAL
10501;SAN JOSE;TARRAZU;SAN MARCOS;CENTRAL
10502;SAN JOSE;TARRAZU;SAN LORENZO;CENTRAL
10503;SAN JOSE;TARRAZU;SAN CARLOS;CENTRAL
10601;SAN JOSE;ASERRI;ASERRI;CENTRAL
10602;SAN JOSE;ASERRI;TARBACA;CENTRAL
10603;SAN JOSE;ASERRI;VUELTA DE JORCO;CENTRAL
10604;SAN JOSE;ASERRI;SAN GABRIEL;CENTRAL
10605;SAN JOSE;ASERRI;LEGUA;CENTRAL
10606;SAN JOSE;ASERRI;MONTERREY;CENTRAL
10607;SAN JOSE;ASERRI;SALITRILLOS;CENTRAL
10701;SAN JOSE;MORA;COLON;CENTRAL
10702;SAN JOSE;MORA;GUAYABO;CENTRAL
10703;SAN JOSE;MORA;TABARCIA;CENTRAL
10704;SAN JOSE;MORA;PIEDRAS NEGRAS;CENTRAL
10705;SAN JOSE;MORA;PICAGRES;CENTRAL
10706;SAN JOSE;MORA;JARIS;CENTRAL
10707;SAN JOSE;MORA;QUITIRRISI;CENTRAL
10801;SAN JOSE;GOICOECHEA;GUADALUPE;CENTRAL
10802;SAN JOSE;GOICOECHEA;SAN FRANCISCO;CENTRAL
10803;SAN JOSE;GOICOECHEA;CALLE BLANCOS;CENTRAL
10804;SAN JOSE;GOICOECHEA;MATA DE PLATANO;CENTRAL
10805;SAN JOSE;GOICOECHEA;IPIS;CENTRAL
10806;SAN JOSE;GOICOECHEA;RANCHO REDONDO;CENTRAL
10807;SAN JOSE;GOICOECHEA;PURRAL;CENTRAL
10901;SAN JOSE;SANTA ANA;SANTA ANA;CENTRAL
10902;SAN JOSE;SANTA ANA;SALITRAL;CENTRAL
10903;SAN JOSE;SANTA ANA;POZOS;CENTRAL
10904;SAN JOSE;SANTA ANA;URUCA;CENTRAL
10905;SAN JOSE;SANTA ANA;PIEDADES;CENTRAL
10906;SAN JOSE;SANTA ANA;BRASIL;CENTRAL
11001;SAN JOSE;ALAJUELITA;ALAJUELITA;CENTRAL
11002;SAN JOSE;ALAJUELITA;SAN JOSECITO;CENTRAL
11003;SAN JOSE;ALAJUELITA;SAN ANTONIO;CENTRAL
11004;SAN JOSE;ALAJUELITA;CONCEPCION;CENTRAL
11005;SAN JOSE;ALAJUELITA;SAN FELIPE;CENTRAL
11101;SAN JOSE;VAZQUEZ DE CORONADO;SAN ISIDRO;CENTRAL
11102;SAN JOSE;VAZQUEZ DE CORONADO;SAN RAFAEL;CENTRAL
11103;SAN JOSE;VAZQUEZ DE CORONADO;DULCE NOMBRE DE JESUS;CENTRAL
11104;SAN JOSE;VAZQUEZ DE CORONADO;PATALILLO;CENTRAL
11105;SAN JOSE;VAZQUEZ DE CORONADO;CASCAJAL;CENTRAL
11201;SAN JOSE;ACOSTA;SAN IGNACIO;CENTRAL
11202;SAN JOSE;ACOSTA;GUAITIL;CENTRAL
11203;SAN JOSE;ACOSTA;PALMICHAL;CENTRAL
11204;SAN JOSE;ACOSTA;CANGREJAL;CENTRAL
11205;SAN JOSE;ACOSTA;SABANILLAS;CENTRAL
11301;SAN JOSE;TIBAS;SAN JUAN;CENTRAL
11302;SAN JOSE;TIBAS;CINCO ESQUINAS;CENTRAL
11303;SAN JOSE;TIBAS;ANSELMO LLORENTE;CENTRAL
11304;SAN JOSE;TIBAS;LEON XIII;CENTRAL
11305;SAN JOSE;TIBAS;COLIMA;CENTRAL
11401;SAN JOSE;MORAVIA;SAN VICENTE;CENTRAL
11402;SAN JOSE;MORAVIA;SAN JERONIMO;CENTRAL
11403;SAN JOSE;MORAVIA;TRINIDAD;CENTRAL
11501;SAN JOSE;MONTES DE OCA;SAN PEDRO;CENTRAL
11502;SAN JOSE;MONTES DE OCA;SABANILLA;CENTRAL
11503;SAN JOSE;MONTES DE OCA;MERCEDES;CENTRAL
11504;SAN JOSE;MONTES DE OCA;SAN RAFAEL;CENTRAL
11601;SAN JOSE;TURRUBARES;SAN PABLO;CENTRAL
11602;SAN JOSE;TURRUBARES;SAN PEDRO;CENTRAL
11603;SAN JOSE;TURRUBARES;SAN JUAN DE MATA;CENTRAL
11604;SAN JOSE;TURRUBARES;SAN LUIS;CENTRAL
11605;SAN JOSE;TURRUBARES;CARARA;CENTRAL
11701;SAN JOSE;DOTA;SANTA MARIA;CENTRAL
11702;SAN JOSE;DOTA;JARDIN;CENTRAL
11703;SAN JOSE;DOTA;COPEY;CENTRAL
11801;SAN JOSE;CURRIDABAT;CURRIDABAT;CENTRAL
11802;SAN JOSE;CURRIDABAT;GRANADILLA;CENTRAL
11803;SAN JOSE;CURRIDABAT;SANCHEZ;CENTRAL
11804;SAN JOSE;CURRIDABAT;TIRRASES;CENTRAL
11901;SAN JOSE;PEREZ ZELEDON;SAN ISIDRO DE EL GENERAL;BRUNCA
11902;SAN JOSE;PEREZ ZELEDON;GENERAL;BRUNCA
11903;SAN JOSE;PEREZ ZELEDON;DANIEL FLORES;BRUNCA
11904;SAN JOSE;PEREZ ZELEDON;RIVAS;BRUNCA
11905;SAN JOSE;PEREZ ZELEDON;SAN PEDRO;BRUNCA
11906;SAN JOSE;PEREZ ZELEDON;PLATANARES;BRUNCA
11907;SAN JOSE;PEREZ ZELEDON;PEJIBAYE;BRUNCA
11908;SAN JOSE;PEREZ ZELEDON;CAJON;BRUNCA
11909;SAN JOSE;PEREZ ZELEDON;BARU;BRUNCA
11910;SAN JOSE;PEREZ ZELEDON;RIO NUEVO;BRUNCA
11911;SAN JOSE;PEREZ ZELEDON;PARAMO;BRUNCA
11912;SAN JOSE;PEREZ ZELEDON;LA AMISTAD;BRUNCA
12001;SAN JOSE;LEON CORTES;SAN PABLO;CENTRAL
12002;SAN JOSE;LEON CORTES;SAN ANDRES;CENTRAL
12003;SAN JOSE;LEON CORTES;LLANO BONITO;CENTRAL
12004;SAN JOSE;LEON CORTES;SAN ISIDRO;CENTRAL
12005;SAN JOSE;LEON CORTES;SANTA CRUZ;CENTRAL
12006;SAN JOSE;LEON CORTES;SAN ANTONIO;CENTRAL
20101;ALAJUELA;ALAJUELA;ALAJUELA;CENTRAL
20102;ALAJUELA;ALAJUELA;SAN JOSE;CENTRAL
20103;ALAJUELA;ALAJUELA;CARRIZAL;CENTRAL
20104;ALAJUELA;ALAJUELA;SAN ANTONIO;CENTRAL
20105;ALAJUELA;ALAJUELA;GUACIMA;CENTRAL
20106;ALAJUELA;ALAJUELA;SAN ISIDRO;CENTRAL
20107;ALAJUELA;ALAJUELA;SABANILLA;CENTRAL
20108;ALAJUELA;ALAJUELA;SAN RAFAEL;CENTRAL
20109;ALAJUELA;ALAJUELA;RIO SEGUNDO;CENTRAL
20110;ALAJUELA;ALAJUELA;DESAMPARADOS;CENTRAL
20111;ALAJUELA;ALAJUELA;TURRUCARES;CENTRAL
20112;ALAJUELA;ALAJUELA;TAMBOR;CENTRAL
20113;ALAJUELA;ALAJUELA;LA GARITA;CENTRAL
20114;ALAJUELA;ALAJUELA;SARAPIQUI;HUETAR NORTE
20201;ALAJUELA;SAN RAMON;SAN RAMON;CENTRAL
20202;ALAJUELA;SAN RAMON;SANTIAGO;CENTRAL
20203;ALAJUELA;SAN RAMON;SAN JUAN;CENTRAL
20204;ALAJUELA;SAN RAMON;PIEDADES NORTE;CENTRAL
20205;ALAJUELA;SAN RAMON;PIEDADES SUR;CENTRAL
20206;ALAJUELA;SAN RAMON;SAN RAFAEL;CENTRAL
20207;ALAJUELA;SAN RAMON;SAN ISIDRO;CENTRAL
20208;ALAJUELA;SAN RAMON;ANGELES;CENTRAL
20209;ALAJUELA;SAN RAMON;ALFARO;CENTRAL
20210;ALAJUELA;SAN RAMON;VOLIO;CENTRAL
20211;ALAJUELA;SAN RAMON;CONCEPCION;CENTRAL
20212;ALAJUELA;SAN RAMON;ZAPOTAL;CENTRAL
20213;ALAJUELA;SAN RAMON;PE•AS BLANCAS;HUETAR NORTE
20214;ALAJUELA;SAN RAMON;SAN LORENZO;CENTRAL
20301;ALAJUELA;GRECIA;GRECIA;CENTRAL
20302;ALAJUELA;GRECIA;SAN ISIDRO;CENTRAL
20303;ALAJUELA;GRECIA;SAN JOSE;CENTRAL
20304;ALAJUELA;GRECIA;SAN ROQUE;CENTRAL
20305;ALAJUELA;GRECIA;TACARES;CENTRAL
20307;ALAJUELA;GRECIA;PUENTE DE PIEDRA;CENTRAL
20308;ALAJUELA;GRECIA;BOLIVAR;CENTRAL
20401;ALAJUELA;SAN MATEO;SAN MATEO;PACIFICO CENTRAL
20402;ALAJUELA;SAN MATEO;DESMONTE;PACIFICO CENTRAL
20403;ALAJUELA;SAN MATEO;JESUS MARIA;PACIFICO CENTRAL
20404;ALAJUELA;SAN MATEO;LABRADOR;PACIFICO CENTRAL
20501;ALAJUELA;ATENAS;ATENAS;CENTRAL
20502;ALAJUELA;ATENAS;JESUS;CENTRAL
20503;ALAJUELA;ATENAS;MERCEDES;CENTRAL
20504;ALAJUELA;ATENAS;SAN ISIDRO;CENTRAL
20505;ALAJUELA;ATENAS;CONCEPCION;CENTRAL
20506;ALAJUELA;ATENAS;SAN JOSE;CENTRAL
20507;ALAJUELA;ATENAS;SANTA EULALIA;CENTRAL
20508;ALAJUELA;ATENAS;ESCOBAL;CENTRAL
20601;ALAJUELA;NARANJO;NARANJO;CENTRAL
20602;ALAJUELA;NARANJO;SAN MIGUEL;CENTRAL
20603;ALAJUELA;NARANJO;SAN JOSE;CENTRAL
20604;ALAJUELA;NARANJO;CIRRI SUR;CENTRAL
20605;ALAJUELA;NARANJO;SAN JERONIMO;CENTRAL
20606;ALAJUELA;NARANJO;SAN JUAN;CENTRAL
20607;ALAJUELA;NARANJO;ROSARIO;CENTRAL
20608;ALAJUELA;NARANJO;PALMITOS;CENTRAL
20701;ALAJUELA;PALMARES;PALMARES;CENTRAL
20702;ALAJUELA;PALMARES;ZARAGOZA;CENTRAL
20703;ALAJUELA;PALMARES;BUENOS AIRES;CENTRAL
20704;ALAJUELA;PALMARES;SANTIAGO;CENTRAL
20705;ALAJUELA;PALMARES;CANDELARIA;CENTRAL
20706;ALAJUELA;PALMARES;ESQUIPULAS;CENTRAL
20707;ALAJUELA;PALMARES;GRANJA;CENTRAL
20801;ALAJUELA;POAS;SAN PEDRO;CENTRAL
20802;ALAJUELA;POAS;SAN JUAN;CENTRAL
20803;ALAJUELA;POAS;SAN RAFAEL;CENTRAL
20804;ALAJUELA;POAS;CARRILLOS;CENTRAL
20805;ALAJUELA;POAS;SABANA REDONDA;CENTRAL
20901;ALAJUELA;OROTINA;OROTINA;PACIFICO CENTRAL
20902;ALAJUELA;OROTINA;MASTATE;PACIFICO CENTRAL
20903;ALAJUELA;OROTINA;HACIENDA VIEJA;PACIFICO CENTRAL
20904;ALAJUELA;OROTINA;COYOLAR;PACIFICO CENTRAL
20905;ALAJUELA;OROTINA;CEIBA;PACIFICO CENTRAL
21001;ALAJUELA;SAN CARLOS;QUESADA;HUETAR NORTE
21002;ALAJUELA;SAN CARLOS;FLORENCIA;HUETAR NORTE
21003;ALAJUELA;SAN CARLOS;BUENAVISTA;HUETAR NORTE
21004;ALAJUELA;SAN CARLOS;AGUAS ZARCAS;HUETAR NORTE
21005;ALAJUELA;SAN CARLOS;VENECIA;HUETAR NORTE
21006;ALAJUELA;SAN CARLOS;PITAL;HUETAR NORTE
21007;ALAJUELA;SAN CARLOS;FORTUNA;HUETAR NORTE
21008;ALAJUELA;SAN CARLOS;TIGRA;HUETAR NORTE
21009;ALAJUELA;SAN CARLOS;PALMERA;HUETAR NORTE
21010;ALAJUELA;SAN CARLOS;VENADO;HUETAR NORTE
21011;ALAJUELA;SAN CARLOS;CUTRIS;HUETAR NORTE
21012;ALAJUELA;SAN CARLOS;MONTERREY;HUETAR NORTE
21013;ALAJUELA;SAN CARLOS;POCOSOL;HUETAR NORTE
21101;ALAJUELA;ZARCERO;ZARCERO;CENTRAL
21102;ALAJUELA;ZARCERO;LAGUNA;CENTRAL
21103;ALAJUELA;ZARCERO;TAPEZCO;CENTRAL
21104;ALAJUELA;ZARCERO;GUADALUPE;CENTRAL
21105;ALAJUELA;ZARCERO;PALMIRA;CENTRAL
21106;ALAJUELA;ZARCERO;ZAPOTE;CENTRAL
21107;ALAJUELA;ZARCERO;BRISAS;CENTRAL
21201;ALAJUELA;SARCHI;SARCHI NORTE;CENTRAL
21202;ALAJUELA;SARCHI;SARCHI SUR;CENTRAL
21203;ALAJUELA;SARCHI;TORO AMARILLO;CENTRAL
21204;ALAJUELA;SARCHI;SAN PEDRO;CENTRAL
21205;ALAJUELA;SARCHI;RODRIGUEZ;CENTRAL
21301;ALAJUELA;UPALA;UPALA;HUETAR NORTE
21302;ALAJUELA;UPALA;AGUAS CLARAS;HUETAR NORTE
21303;ALAJUELA;UPALA;SAN JOSE;HUETAR NORTE
21304;ALAJUELA;UPALA;BIJAGUA;HUETAR NORTE
21305;ALAJUELA;UPALA;DELICIAS;HUETAR NORTE
21306;ALAJUELA;UPALA;DOS RIOS;HUETAR NORTE
21307;ALAJUELA;UPALA;YOLILLAL;HUETAR NORTE
21308;ALAJUELA;UPALA;CANALETE;HUETAR NORTE
21401;ALAJUELA;LOS CHILES;LOS CHILES;HUETAR NORTE
21402;ALAJUELA;LOS CHILES;CA•O NEGRO;HUETAR NORTE
21403;ALAJUELA;LOS CHILES;EL AMPARO;HUETAR NORTE
21404;ALAJUELA;LOS CHILES;SAN JORGE;HUETAR NORTE
21501;ALAJUELA;GUATUSO;SAN RAFAEL;HUETAR NORTE
21502;ALAJUELA;GUATUSO;BUENAVISTA;HUETAR NORTE
21503;ALAJUELA;GUATUSO;COTE;HUETAR NORTE
21504;ALAJUELA;GUATUSO;KATIRA;HUETAR NORTE
21601;ALAJUELA;RIO CUARTO;RIO CUARTO;HUETAR NORTE
21602;ALAJUELA;RIO CUARTO;SANTA RITA;HUETAR NORTE
21603;ALAJUELA;RIO CUARTO;SANTA ISABEL;HUETAR NORTE
30101;CARTAGO;CARTAGO;ORIENTAL;CENTRAL
30102;CARTAGO;CARTAGO;OCCIDENTAL;CENTRAL
30103;CARTAGO;CARTAGO;CARMEN;CENTRAL
30104;CARTAGO;CARTAGO;SAN NICOLAS;CENTRAL
30105;CARTAGO;CARTAGO;AGUACALIENTE;CENTRAL
30106;CARTAGO;CARTAGO;GUADALUPE;CENTRAL
30107;CARTAGO;CARTAGO;CORRALILLO;CENTRAL
30108;CARTAGO;CARTAGO;TIERRA BLANCA;CENTRAL
30109;CARTAGO;CARTAGO;DULCE NOMBRE;CENTRAL
30110;CARTAGO;CARTAGO;LLANO GRANDE;CENTRAL
30111;CARTAGO;CARTAGO;QUEBRADILLA;CENTRAL
30201;CARTAGO;PARAISO;PARAISO;CENTRAL
30202;CARTAGO;PARAISO;SANTIAGO;CENTRAL
30203;CARTAGO;PARAISO;OROSI;CENTRAL
30204;CARTAGO;PARAISO;CACHI;CENTRAL
30205;CARTAGO;PARAISO;LLANOS DE SANTA LUCIA;CENTRAL
30301;CARTAGO;LA UNION;TRES RIOS;CENTRAL
30302;CARTAGO;LA UNION;SAN DIEGO;CENTRAL
30303;CARTAGO;LA UNION;SAN JUAN;CENTRAL
30304;CARTAGO;LA UNION;SAN RAFAEL;CENTRAL
30305;CARTAGO;LA UNION;CONCEPCION;CENTRAL
30306;CARTAGO;LA UNION;DULCE NOMBRE;CENTRAL
30307;CARTAGO;LA UNION;SAN RAMON;CENTRAL
30308;CARTAGO;LA UNION;RIO AZUL;CENTRAL
30401;CARTAGO;JIMENEZ;JUAN VI•AS;CENTRAL
30402;CARTAGO;JIMENEZ;TUCURRIQUE;CENTRAL
30403;CARTAGO;JIMENEZ;PEJIBAYE;CENTRAL
30501;CARTAGO;TURRIALBA;TURRIALBA;CENTRAL
30502;CARTAGO;TURRIALBA;LA SUIZA;CENTRAL
30503;CARTAGO;TURRIALBA;PERALTA;CENTRAL
30504;CARTAGO;TURRIALBA;SANTA CRUZ;CENTRAL
30505;CARTAGO;TURRIALBA;SANTA TERESITA;CENTRAL
30506;CARTAGO;TURRIALBA;PAVONES;CENTRAL
30507;CARTAGO;TURRIALBA;TUIS;CENTRAL
30508;CARTAGO;TURRIALBA;TAYUTIC;CENTRAL
30509;CARTAGO;TURRIALBA;SANTA ROSA;CENTRAL
30510;CARTAGO;TURRIALBA;TRES EQUIS;CENTRAL
30511;CARTAGO;TURRIALBA;LA ISABEL;CENTRAL
30512;CARTAGO;TURRIALBA;CHIRRIPO;CENTRAL
30601;CARTAGO;ALVARADO;PACAYAS;CENTRAL
30602;CARTAGO;ALVARADO;CERVANTES;CENTRAL
30603;CARTAGO;ALVARADO;CAPELLADES;CENTRAL
30701;CARTAGO;OREAMUNO;SAN RAFAEL;CENTRAL
30702;CARTAGO;OREAMUNO;COT;CENTRAL
30703;CARTAGO;OREAMUNO;POTRERO CERRADO;CENTRAL
30704;CARTAGO;OREAMUNO;CIPRESES;CENTRAL
30705;CARTAGO;OREAMUNO;SANTA ROSA;CENTRAL
30801;CARTAGO;EL GUARCO;TEJAR;CENTRAL
30802;CARTAGO;EL GUARCO;SAN ISIDRO;CENTRAL
30803;CARTAGO;EL GUARCO;TOBOSI;CENTRAL
30804;CARTAGO;EL GUARCO;PATIO DE AGUA;CENTRAL
40101;HEREDIA;HEREDIA;HEREDIA;CENTRAL
40102;HEREDIA;HEREDIA;MERCEDES;CENTRAL
40103;HEREDIA;HEREDIA;SAN FRANCISCO;CENTRAL
40104;HEREDIA;HEREDIA;ULLOA;CENTRAL
40105;HEREDIA;HEREDIA;VARA BLANCA;CENTRAL
40201;HEREDIA;BARVA;BARVA;CENTRAL
40202;HEREDIA;BARVA;SAN PEDRO;CENTRAL
40203;HEREDIA;BARVA;SAN PABLO;CENTRAL
40204;HEREDIA;BARVA;SAN ROQUE;CENTRAL
40205;HEREDIA;BARVA;SANTA LUC÷A;CENTRAL
40206;HEREDIA;BARVA;SAN JOSê DE LA MONTA•A;CENTRAL
40301;HEREDIA;SANTO DOMINGO;SANTO DOMINGO;CENTRAL
40302;HEREDIA;SANTO DOMINGO;SAN VICENTE;CENTRAL
40303;HEREDIA;SANTO DOMINGO;SAN MIGUEL;CENTRAL
40304;HEREDIA;SANTO DOMINGO;PARACITO;CENTRAL
40305;HEREDIA;SANTO DOMINGO;SANTO TOMAS;CENTRAL
40306;HEREDIA;SANTO DOMINGO;SANTA ROSA;CENTRAL
40307;HEREDIA;SANTO DOMINGO;TURES;CENTRAL
40308;HEREDIA;SANTO DOMINGO;PARA;CENTRAL
40401;HEREDIA;SANTA BARBARA;SANTA BARBARA;CENTRAL
40402;HEREDIA;SANTA BARBARA;SAN PEDRO;CENTRAL
40403;HEREDIA;SANTA BARBARA;SAN JUAN;CENTRAL
40404;HEREDIA;SANTA BARBARA;JESÈS;CENTRAL
40405;HEREDIA;SANTA BARBARA;SANTO DOMINGO;CENTRAL
40406;HEREDIA;SANTA BARBARA;PURABµ;CENTRAL
40501;HEREDIA;SAN RAFAEL;SAN RAFAEL;CENTRAL
40502;HEREDIA;SAN RAFAEL;SAN JOSECITO;CENTRAL
40503;HEREDIA;SAN RAFAEL;SANTIAGO;CENTRAL
40504;HEREDIA;SAN RAFAEL;ANGELES;CENTRAL
40505;HEREDIA;SAN RAFAEL;CONCEPCI‡N;CENTRAL
40601;HEREDIA;SAN ISIDRO;SAN ISIDRO;CENTRAL
40602;HEREDIA;SAN ISIDRO;SAN JOSê;CENTRAL
40603;HEREDIA;SAN ISIDRO;CONCEPCI‡N;CENTRAL
40604;HEREDIA;SAN ISIDRO;SAN FRANCISCO;CENTRAL
40701;HEREDIA;BELEN;SAN ANTONIO;CENTRAL
40702;HEREDIA;BELEN;LA RIBERA;CENTRAL
40703;HEREDIA;BELEN;ASUNCION;CENTRAL
40801;HEREDIA;FLORES;SAN JOAQUIN;CENTRAL
40802;HEREDIA;FLORES;BARRANTES;CENTRAL
40803;HEREDIA;FLORES;LLORENTE;CENTRAL
40901;HEREDIA;SAN PABLO;SAN PABLO;CENTRAL
40902;HEREDIA;SAN PABLO;RINCON DE SABANILLA;CENTRAL
41001;HEREDIA;SARAPIQUI;PUERTO VIEJO;HUETAR NORTE
41002;HEREDIA;SARAPIQUI;VIRGEN;HUETAR NORTE
41003;HEREDIA;SARAPIQUI;HORQUETAS;HUETAR NORTE
41004;HEREDIA;SARAPIQUI;LLANURAS DEL GASPAR;HUETAR NORTE
41005;HEREDIA;SARAPIQUI;CURE•A;HUETAR NORTE
50101;GUANACASTE;LIBERIA;LIBERIA;CHOROTEGA
50102;GUANACASTE;LIBERIA;CA•AS DULCES;CHOROTEGA
50103;GUANACASTE;LIBERIA;MAYORGA;CHOROTEGA
50104;GUANACASTE;LIBERIA;NACASCOLO;CHOROTEGA
50105;GUANACASTE;LIBERIA;CURUBANDE;CHOROTEGA
50201;GUANACASTE;NICOYA;NICOYA;CHOROTEGA
50202;GUANACASTE;NICOYA;MANSION;CHOROTEGA
50203;GUANACASTE;NICOYA;SAN ANTONIO;CHOROTEGA
50204;GUANACASTE;NICOYA;QUEBRADA HONDA;CHOROTEGA
50205;GUANACASTE;NICOYA;SAMARA;CHOROTEGA
50206;GUANACASTE;NICOYA;NOSARA;CHOROTEGA
50207;GUANACASTE;NICOYA;BELEN DE NOSARITA;CHOROTEGA
50301;GUANACASTE;SANTA CRUZ;SANTA CRUZ;CHOROTEGA
50302;GUANACASTE;SANTA CRUZ;BOLSON;CHOROTEGA
50303;GUANACASTE;SANTA CRUZ;VEINTISIETE DE ABRIL;CHOROTEGA
50304;GUANACASTE;SANTA CRUZ;TEMPATE;CHOROTEGA
50305;GUANACASTE;SANTA CRUZ;CARTAGENA;CHOROTEGA
50306;GUANACASTE;SANTA CRUZ;CUAJINIQUIL;CHOROTEGA
50307;GUANACASTE;SANTA CRUZ;DIRIA;CHOROTEGA
50308;GUANACASTE;SANTA CRUZ;CABO VELAS;CHOROTEGA
50309;GUANACASTE;SANTA CRUZ;TAMARINDO;CHOROTEGA
50401;GUANACASTE;BAGACES;BAGACES;CHOROTEGA
50402;GUANACASTE;BAGACES;FORTUNA;CHOROTEGA
50403;GUANACASTE;BAGACES;MOGOTE;CHOROTEGA
50404;GUANACASTE;BAGACES;RIO NARANJO;CHOROTEGA
50501;GUANACASTE;CARRILLO;FILADELFIA;CHOROTEGA
50502;GUANACASTE;CARRILLO;PALMIRA;CHOROTEGA
50503;GUANACASTE;CARRILLO;SARDINAL;CHOROTEGA
50504;GUANACASTE;CARRILLO;BELEN;CHOROTEGA
50601;GUANACASTE;CA•AS;CA•AS;CHOROTEGA
50602;GUANACASTE;CA•AS;PALMIRA;CHOROTEGA
50603;GUANACASTE;CA•AS;SAN MIGUEL;CHOROTEGA
50604;GUANACASTE;CA•AS;BEBEDERO;CHOROTEGA
50605;GUANACASTE;CA•AS;POROZAL;CHOROTEGA
50701;GUANACASTE;ABANGARES;JUNTAS;CHOROTEGA
50702;GUANACASTE;ABANGARES;SIERRA;CHOROTEGA
50703;GUANACASTE;ABANGARES;SAN JUAN;CHOROTEGA
50704;GUANACASTE;ABANGARES;COLORADO;CHOROTEGA
50801;GUANACASTE;TILARAN;TILARAN;CHOROTEGA
50802;GUANACASTE;TILARAN;QUEBRADA GRANDE;CHOROTEGA
50803;GUANACASTE;TILARAN;TRONADORA;CHOROTEGA
50804;GUANACASTE;TILARAN;SANTA ROSA;CHOROTEGA
50805;GUANACASTE;TILARAN;LIBANO;CHOROTEGA
50806;GUANACASTE;TILARAN;TIERRAS MORENAS;CHOROTEGA
50807;GUANACASTE;TILARAN;ARENAL;CHOROTEGA
50901;GUANACASTE;NANDAYURE;CARMONA;CHOROTEGA
50902;GUANACASTE;NANDAYURE;SANTA RITA;CHOROTEGA
50903;GUANACASTE;NANDAYURE;ZAPOTAL;CHOROTEGA
50904;GUANACASTE;NANDAYURE;SAN PABLO;CHOROTEGA
50905;GUANACASTE;NANDAYURE;PORVENIR;CHOROTEGA
50906;GUANACASTE;NANDAYURE;BEJUCO;CHOROTEGA
51001;GUANACASTE;LA CRUZ;LA CRUZ;CHOROTEGA
51002;GUANACASTE;LA CRUZ;SANTA CECILIA;CHOROTEGA
51003;GUANACASTE;LA CRUZ;GARITA;CHOROTEGA
51004;GUANACASTE;LA CRUZ;SANTA ELENA;CHOROTEGA
51101;GUANACASTE;HOJANCHA;HOJANCHA;CHOROTEGA
51102;GUANACASTE;HOJANCHA;MONTE ROMO;CHOROTEGA
51103;GUANACASTE;HOJANCHA;PUERTO CARRILLO;CHOROTEGA
51104;GUANACASTE;HOJANCHA;HUACAS;CHOROTEGA
51105;GUANACASTE;HOJANCHA;MATAMBU;CHOROTEGA
60101;PUNTARENAS;PUNTARENAS;PUNTARENAS;PACIFICO CENTRAL
60102;PUNTARENAS;PUNTARENAS;PITAHAYA;PACIFICO CENTRAL
60103;PUNTARENAS;PUNTARENAS;CHOMES;PACIFICO CENTRAL
60104;PUNTARENAS;PUNTARENAS;LEPANTO;PACIFICO CENTRAL
60105;PUNTARENAS;PUNTARENAS;PAQUERA;PACIFICO CENTRAL
60106;PUNTARENAS;PUNTARENAS;MANZANILLO;PACIFICO CENTRAL
60107;PUNTARENAS;PUNTARENAS;GUACIMAL;PACIFICO CENTRAL
60108;PUNTARENAS;PUNTARENAS;BARRANCA;PACIFICO CENTRAL
60109;PUNTARENAS;PUNTARENAS;MONTE  VERDE;PACIFICO CENTRAL
60110;PUNTARENAS;PUNTARENAS;ISLA DEL COCO;PACIFICO CENTRAL
60111;PUNTARENAS;PUNTARENAS;COBANO;PACIFICO CENTRAL
60112;PUNTARENAS;PUNTARENAS;CHACARITA;PACIFICO CENTRAL
60113;PUNTARENAS;PUNTARENAS;CHIRA;PACIFICO CENTRAL
60114;PUNTARENAS;PUNTARENAS;ACAPULCO;PACIFICO CENTRAL
60115;PUNTARENAS;PUNTARENAS;EL ROBLE;PACIFICO CENTRAL
60116;PUNTARENAS;PUNTARENAS;ARANCIBIA;PACIFICO CENTRAL
60201;PUNTARENAS;ESPARZA;ESPIRITU SANTO;PACIFICO CENTRAL
60202;PUNTARENAS;ESPARZA;SAN JUAN GRANDE;PACIFICO CENTRAL
60203;PUNTARENAS;ESPARZA;MACACONA;PACIFICO CENTRAL
60204;PUNTARENAS;ESPARZA;SAN RAFAEL;PACIFICO CENTRAL
60205;PUNTARENAS;ESPARZA;SAN JERONIMO;PACIFICO CENTRAL
60206;PUNTARENAS;ESPARZA;CALDERA;PACIFICO CENTRAL
60301;PUNTARENAS;BUENOS AIRES;BUENOS AIRES;BRUNCA
60302;PUNTARENAS;BUENOS AIRES;VOLCAN;BRUNCA
60303;PUNTARENAS;BUENOS AIRES;POTRERO GRANDE;BRUNCA
60304;PUNTARENAS;BUENOS AIRES;BORUCA;BRUNCA
60305;PUNTARENAS;BUENOS AIRES;PILAS;BRUNCA
60306;PUNTARENAS;BUENOS AIRES;COLINAS;BRUNCA
60307;PUNTARENAS;BUENOS AIRES;CHANGUENA;BRUNCA
60308;PUNTARENAS;BUENOS AIRES;BIOLLEY;BRUNCA
60309;PUNTARENAS;BUENOS AIRES;BRUNKA;BRUNCA
60401;PUNTARENAS;MONTES DE ORO;MIRAMAR;PACIFICO CENTRAL
60402;PUNTARENAS;MONTES DE ORO;UNION;PACIFICO CENTRAL
60403;PUNTARENAS;MONTES DE ORO;SAN ISIDRO;PACIFICO CENTRAL
60501;PUNTARENAS;OSA;PUERTO CORTES;BRUNCA
60502;PUNTARENAS;OSA;PALMAR;BRUNCA
60503;PUNTARENAS;OSA;SIERPE;BRUNCA
60504;PUNTARENAS;OSA;BAHIA BALLENA;BRUNCA
60505;PUNTARENAS;OSA;PIEDRAS BLANCAS;BRUNCA
60506;PUNTARENAS;OSA;BAHIA DRAKE;BRUNCA
60601;PUNTARENAS;AGUIRRE;QUEPOS;PACIFICO CENTRAL
60602;PUNTARENAS;AGUIRRE;SAVEGRE;PACIFICO CENTRAL
60603;PUNTARENAS;AGUIRRE;NARANJITO;PACIFICO CENTRAL
60701;PUNTARENAS;GOLFITO;GOLFITO;BRUNCA
60702;PUNTARENAS;GOLFITO;PUERTO JIMENEZ;BRUNCA
60703;PUNTARENAS;GOLFITO;GUAYCARA;BRUNCA
60704;PUNTARENAS;GOLFITO;PAVON;BRUNCA
60801;PUNTARENAS;COTO BRUS;SAN VITO;BRUNCA
60802;PUNTARENAS;COTO BRUS;SABALITO;BRUNCA
60803;PUNTARENAS;COTO BRUS;AGUA BUENA;BRUNCA
60804;PUNTARENAS;COTO BRUS;LIMONCITO;BRUNCA
60805;PUNTARENAS;COTO BRUS;PITTIER;BRUNCA
60806;PUNTARENAS;COTO BRUS;GUTIERREZ BRAUN;BRUNCA
60901;PUNTARENAS;PARRITA;PARRITA;PACIFICO CENTRAL
61001;PUNTARENAS;CORREDORES;CORREDOR;BRUNCA
61002;PUNTARENAS;CORREDORES;LA CUESTA;BRUNCA
61003;PUNTARENAS;CORREDORES;CANOAS;BRUNCA
61004;PUNTARENAS;CORREDORES;LAUREL;BRUNCA
61101;PUNTARENAS;GARABITO;JACO;PACIFICO CENTRAL
61102;PUNTARENAS;GARABITO;TARCOLES;PACIFICO CENTRAL
70101;LIMON;LIMON;LIMON;HUETAR CARIBE
70102;LIMON;LIMON;VALLE LA ESTRELLA;HUETAR CARIBE
70103;LIMON;LIMON;RIO BLANCO;HUETAR CARIBE
70104;LIMON;LIMON;MATAMA;HUETAR CARIBE
70201;LIMON;POCOCI;GUAPILES;HUETAR CARIBE
70202;LIMON;POCOCI;JIMENEZ;HUETAR CARIBE
70203;LIMON;POCOCI;RITA;HUETAR CARIBE
70204;LIMON;POCOCI;ROXANA;HUETAR CARIBE
70205;LIMON;POCOCI;CARIARI;HUETAR CARIBE
70206;LIMON;POCOCI;COLORADO;HUETAR CARIBE
70207;LIMON;POCOCI;LA COLONIA;HUETAR CARIBE
70301;LIMON;SIQUIRRES;SIQUIRRES;HUETAR CARIBE
70302;LIMON;SIQUIRRES;PACUARITO;HUETAR CARIBE
70303;LIMON;SIQUIRRES;FLORIDA;HUETAR CARIBE
70304;LIMON;SIQUIRRES;GERMANIA;HUETAR CARIBE
70305;LIMON;SIQUIRRES;CAIRO;HUETAR CARIBE
70306;LIMON;SIQUIRRES;ALEGRIA;HUETAR CARIBE
70307;LIMON;SIQUIRRES;REVENTAZ‡N;HUETAR CARIBE
70401;LIMON;TALAMANCA;BRATSI;HUETAR CARIBE
70402;LIMON;TALAMANCA;SIXAOLA;HUETAR CARIBE
70403;LIMON;TALAMANCA;CAHUITA;HUETAR CARIBE
70404;LIMON;TALAMANCA;TELIRE;HUETAR CARIBE
70501;LIMON;MATINA;MATINA;HUETAR CARIBE
70502;LIMON;MATINA;BATAN;HUETAR CARIBE
70503;LIMON;MATINA;CARRANDI;HUETAR CARIBE
70601;LIMON;GUACIMO;GUACIMO;HUETAR CARIBE
70602;LIMON;GUACIMO;MERCEDES;HUETAR CARIBE
70603;LIMON;GUACIMO;POCORA;HUETAR CARIBE
70604;LIMON;GUACIMO;RIO JIMENEZ;HUETAR CARIBE
70605;LIMON;GUACIMO;DUACARI;HUETAR CARIBE
